해시태그,총 게시물 수
love,2.100B
instagood,1.700B
instagram,1.100B
fashion,1.100B
photooftheday,1.000B
art,1.000B
photography,1.000B
beautiful,829.0M
nature,791.0M
picoftheday,723.0M
travel,708.0M
happy,702.0M
follow,699.0M
cute,668.0M
style,646.0M
instadaily,645.0M
#tbt,584.0M
#repost,559.0M
#summer,555.0M
#beauty,532.0M
#followme,528.5M
#fitness,525.0M
#like4like,515.0M
#food,512.0M
#instalike,508.0M
#explore,507.0M
#photo,494.0M
#me,455.0M
#viral,451.0M
#music,446.0M
#life,441.0M
#friends,440.0M
#family,437.0M
#fun,435.0M
#girl,427.0M
#selfie,422.6M
#makeup,398.0M
#likeforlikes,390.0M
#dog,369.0M
#smile,364.5M
#explorepage,364.0M
#model,362.0M
#design,358.0M
#motivation,358.0M
#handmade,349.0M
#lifestyle,347.0M
#likeforlike,328.0M
#sunset,326.0M
#artist,320.0M
#dogsofinstagram,310.0M
#ootd,308.2M
#foodporn,302.0M
#beach,297.0M
#followforfollowback,296.0M
#drawing,288.0M
#amazing,287.0M
#cat,284.0M
#instamood,280.0M
#igers,276.5M
#일상,273.0M
#nofilter,268.9M
#sky,261.0M
#flowers,261.0M
#gym,259.0M
#wedding,258.0M
#moda,256.0M
#photographer,254.0M
#follow4follow,249.0M
#hair,244.0M
#foodie,243.0M
#inspiration,241.0M
#funny,239.0M
#india,238.0M
#memes,236.0M
#naturephotography,234.0M
#baby,233.0M
#fyp,222.0M
#nails,222.0M
#travelphotography,221.0M
#l4l,221.0M
#workout,219.0M
#likeforfollow,218.0M
#f4f,217.7M
#illustration,212.0M
#followforfollow,212.0M
#home,210.0M
#instapic,206.0M
#vscocam,202.2M
#bestoftheday,200.0M
#yummy,200.0M
#vsco,200.0M
#landscape,199.0M
#artwork,197.0M
#amor,194.0M
#christmas,194.0M
#party,193.0M
#fit,193.0M
#photoshoot,192.0M
#girls,189.0M
#tattoo,188.0M
